codeContrat,codeSite,nomSite,codeAnnee,nomAnnee,codePeriode,nomPeriode,codeFormation,nomFormation,nomGroupe,dateDebut,dateFin,codeApprenant,nomApprenant,prenomApprenant,emailApprenant,codePersonnel,prenomPersonnel,nomPersonnel,emailPersonnel,prenomMaitreApprentissage,nomMaitreApprentissage,emailMaitreApprentissage,codeMaitreApprentissage,nomEntreprise
0410cf6e-0670-4c53-a459-6a009faf0b9f,D'Amore Group,Marks-Heathcote,0ada6ed0-c424-44c0-9ccf-4a8a82ed4dbe,"Hartmann, Dach and Bergnaum",1c17f3d0-6876-4ac3-8949-b17961b11dca,"Shanahan, Emard and Adams",6d8dab2f-4fe8-42bf-b568-4abf93494e17,"Gaylord, Bosco and Von",Dibbert Group,4/30/2021,4/20/2021,6e33d4cc-8bf8-4f62-a7c6-cf2a16feb4f1,Worcester,Eugenio,fbelward0@tripadvisor.com,f6496f88-279e-4724-b8af-bb7eb6032ae8,Andromache,Lydiate,fbelward0@census.gov,Fania,Belward,fbelward0@imgur.com,fad0e1a3-ca4c-4e86-b1ea-18272124d3ab,Yadel
e592db01-8a25-4f9f-aa59-86552d1280da,"Feest, Gulgowski and Boehm","Stracke, Raynor and Olson",7ef1317b-483e-49b8-8445-8b7a17fe88ac,Mante LLC,2142ab8f-512f-4853-83b4-0ab1965cd921,Gleason LLC,67214f9b-3899-4b7b-88c8-cbbc8bb36b3d,Johnson and Sons,"Ziemann, Sawayn and Kiehn",9/13/2021,4/26/2021,7f3f41a9-8277-4c0c-95c8-f44519c38747,Weld,Jerrilee,akiltie1@networksolutions.com,b5c8975f-133a-462f-bcf6-ecb2baf9d3ad,Mordy,Yakushkin,akiltie1@arizona.edu,Alvie,Kiltie,akiltie1@mit.edu,1e59f7d3-78a6-4318-955f-c7b440d90c54,Jaxworks
c53b4bb3-7d9f-4b48-a2fc-61eff8406581,Labadie and Sons,Howell and Sons,f4ca4fea-1fd3-4e0d-9b4a-878f48cd00dd,White Inc,6cc83610-4a5a-4a41-8b80-5f1f689cf5f0,"Mraz, Kulas and Barton",c9908e53-27ca-40e1-9d87-136b94199720,Spinka and Sons,Pfannerstill-Hickle,4/24/2021,8/14/2021,b5c68d00-e555-4d2c-ad2a-f9a3ae23a82b,Kira,Fabiano,whairesnape2@nba.com,6d5471d4-e032-42d9-890f-b349435e49dd,Noe,Inglesant,whairesnape2@booking.com,Worth,Hairesnape,whairesnape2@elpais.com,de088c84-ab5d-4b8c-8ee5-a6a1eb99b9e1,Youopia
07292c3a-f285-4969-a1ab-70ae31171448,"Ritchie, Jerde and Waelchi",Crooks LLC,235f3aef-d908-4dc4-8797-c75ec1571bce,Towne Inc,d3edbcf7-63c0-4439-91b7-9907ff3513a8,Grimes Group,32df66f7-eadc-4c67-9a72-8f71d056c530,Koepp LLC,"Koelpin, Willms and Flatley",5/21/2021,2/11/2021,86c0a16e-490c-4c2d-a967-2a7e016b9c5e,Wellum,Esteban,kdavy3@istockphoto.com,d258ce64-6def-44e5-b95e-02cf83094b94,Mathilda,Klimowski,kdavy3@51.la,Kylie,Davy,kdavy3@google.co.uk,74a3dd86-273d-4e8e-991a-9db9afcf2316,Devpulse
ae50f901-aa32-4efe-aba1-8160846653c3,"Abernathy, Kemmer and McGlynn","Legros, Nader and Friesen",13e166df-f925-410d-b1d8-f5640a0c6513,"Kling, Goodwin and Heidenreich",781f76dd-8ad4-4806-88d0-dff97b287f41,Smith and Sons,d6bbfcce-2c78-44e6-af07-8d572bda8e58,Collins LLC,Romaguera-Sipes,2/1/2021,4/13/2021,bff75713-9403-41a0-9876-52a7ee15e3d2,Gryglewski,Melisent,ghowsego4@cargocollective.com,0b9e23fd-faab-445e-a09a-f738bb701531,Raleigh,Munning,ghowsego4@guardian.co.uk,Gweneth,Howsego,ghowsego4@marriott.com,966f49ff-f5f0-4a5b-87d0-b2e2960ab67b,Mydeo
0108e79d-78fd-44f5-b624-c357b612f9e8,"Stoltenberg, Mayert and Bashirian","Hilpert, Blanda and Feil",f3d864b2-cc00-44ae-9136-2a5161faf201,Ortiz-Metz,495bfa1d-e145-40cc-b221-126ddb0b8262,Gutkowski-Bernhard,a2fb8e8e-5a6f-47bd-b0a5-a370fe4416cd,Bergstrom Group,"Schaden, O'Reilly and Legros",8/11/2021,7/16/2021,be3b5944-e848-4763-937d-8cae1253ccfc,Woodes,Maxi,mjolland5@google.co.jp,eca15f6c-c906-4cb0-b9b4-871f5aa67285,Catina,Gebbe,mjolland5@google.co.uk,Margaretha,Jolland,mjolland5@yahoo.co.jp,4ff574ea-8b47-461a-ba5e-14de1fc534bc,Ainyx
542ba662-1ec2-468f-b258-c3da68bb7648,Hudson-Leffler,"Jaskolski, Schoen and Hand",cc84db1e-cd79-4aee-8b61-1196d02b35de,Yost-Conn,425bd3e9-bcef-4c51-8213-2be4f511d1d6,Batz LLC,e2f6bbe7-94da-4c45-b979-c7561b4f85f2,"Hudson, Homenick and Ebert",Ward LLC,12/2/2020,8/25/2021,c5edf58c-77c4-440d-9ff1-1b529759448b,Cathee,Alejandro,fgoodacre6@about.me,9c3fc04a-37f6-47c4-950d-029235c8e80b,Korry,Stocken,fgoodacre6@bing.com,Frankie,Goodacre,fgoodacre6@mediafire.com,6fe915a6-0309-47db-b5ef-a3bcf4e44149,Skyndu
082ea404-b5ba-4653-8b6b-d402256b690f,Ward-Langosh,"Ebert, Bailey and Bechtelar",a7416c31-1d3e-4484-8710-5671fd7d407d,Goyette-Smith,162dd832-1c48-44d1-b182-7cae850492aa,"Smitham, Brekke and Hills",2d9d4b9e-a9f7-477c-a0d5-7e26fad15869,Wyman-Reichert,Emard and Sons,4/2/2021,9/25/2021,9a19d3c8-578f-47b3-b2db-8c03b2277b3a,Staines,Sioux,afeldmark7@weebly.com,9810bccb-563e-4647-ab36-4ee6fa232ebe,Edvard,Partleton,afeldmark7@exblog.jp,Andre,Feldmark,afeldmark7@amazon.com,b1e31e7b-24c2-4d16-b211-492d3a0667ca,Thoughtbeat
fddc0d86-7fc2-434f-af38-da1716eed6a8,Pollich-Brakus,Feest-Bins,3f4ee303-dabb-4802-83ac-52db0d1f1cb1,"Bechtelar, Huels and Treutel",4f9f54b7-0329-4ecb-be86-a4840387d404,"Murray, Bosco and Bogan",5311e0e6-2b7d-4d4e-8bdc-6eb1dc6f7b03,"Cassin, Russel and Wilkinson",Larson-Kilback,11/7/2020,2/13/2021,84b8e76f-27a9-4796-a97e-c4ba5270b15c,Dethloff,Timmie,mtewkesbury8@rediff.com,ba2281ec-c3a3-4689-97be-2472e1822061,Cyb,Newlands,mtewkesbury8@ibm.com,Martelle,Tewkesbury.,mtewkesbury8@1und1.de,eb3959cd-8ce1-4963-b188-68e2e9758c43,Avamm
ae3138ff-7efa-49eb-a2fd-6dd288a34399,Beahan-Treutel,Will and Sons,c31d2084-1cda-46c1-ac4e-0369291700ec,"Kihn, Jacobs and Thiel",1f2ded34-2bbd-4cfd-9893-08c8b138e375,"Boyle, Brakus and Stiedemann",68acdd5f-ea45-4dda-9db8-c4a2fb9d9e5c,"Okuneva, Davis and Murphy",Price-Gleason,11/13/2020,12/22/2020,77528201-566f-4cdc-8ecb-dd228672a731,Hulbert,Maren,lchipps9@myspace.com,035f4fb3-ce4e-4d05-bba2-ea70e9a869e4,Gwen,Capenor,lchipps9@blogtalkradio.com,Ludovico,Chipps,lchipps9@icio.us,203585c8-057a-4dd4-81ea-d4f62bfee1da,BlogXS
